<?xml version="1.0" encoding="UTF-8"?>
<!DOCTYPE suite SYSTEM "https://testng.org/testng-1.0.dtd">
<suite name="Suite" thread-count = "2" parallel="tests" verbose = "5">
  <test  name="Test"  verbose ="5">
  <parameter name ="browser" value ="chrome"></parameter>
    <classes>
      <class name="testcases.VerifyLogin"/>
      <class name="testcases.CreateLeadTestcase"/>
    </classes>
  </test> <!-- Test -->
  
 <!--  <test  name="Cross browser" verbose ="5">
  <parameter name ="browser" value ="edge"></parameter>
    <classes>
      <class name="testcases.VerifyLogin"/>
      <class name="testcases.CreateLeadTestcase"/>
    </classes>
  </test> Test -->
</suite> <!-- Suite -->
